item_id,date,pred,units,cutoff
FOODS_2_197,2016-02-29,15.799052338295434,15,2016-02-28
FOODS_3_080,2016-02-29,15.648037530629772,17,2016-02-28
FOODS_3_090,2016-02-29,38.07748177629764,42,2016-02-28
FOODS_3_120,2016-02-29,20.377712156151027,0,2016-02-28
FOODS_3_252,2016-02-29,26.837932119296248,18,2016-02-28
FOODS_3_555,2016-02-29,14.24676544201243,8,2016-02-28
FOODS_3_586,2016-02-29,30.12957666323134,29,2016-02-28
FOODS_3_587,2016-02-29,23.01472373896572,25,2016-02-28
FOODS_3_714,2016-02-29,14.234702691599505,19,2016-02-28
FOODS_3_808,2016-02-29,8.88741964769215,1,2016-02-28
FOODS_2_197,2016-03-01,15.348460476314155,14,2016-02-28
FOODS_3_080,2016-03-01,15.862432704019465,11,2016-02-28
FOODS_3_090,2016-03-01,42.85041505111037,41,2016-02-28
FOODS_3_120,2016-03-01,24.8064682972421,0,2016-02-28
FOODS_3_252,2016-03-01,26.224318024212643,21,2016-02-28
FOODS_3_555,2016-03-01,15.037193516270943,12,2016-02-28
FOODS_3_586,2016-03-01,30.377194035282788,28,2016-02-28
FOODS_3_587,2016-03-01,19.568913255633007,35,2016-02-28
FOODS_3_714,2016-03-01,14.489317804925733,8,2016-02-28
FOODS_3_808,2016-03-01,5.71087388726091,0,2016-02-28
FOODS_2_197,2016-03-02,15.856360522627405,22,2016-02-28
FOODS_3_080,2016-03-02,16.04718382751397,11,2016-02-28
FOODS_3_090,2016-03-02,43.81532381193924,53,2016-02-28
FOODS_3_120,2016-03-02,20.325813594709714,0,2016-02-28
FOODS_3_252,2016-03-02,28.017495378875882,29,2016-02-28
FOODS_3_555,2016-03-02,15.037193516270943,9,2016-02-28
FOODS_3_586,2016-03-02,31.602409389101883,35,2016-02-28
FOODS_3_587,2016-03-02,18.371566134751646,24,2016-02-28
FOODS_3_714,2016-03-02,14.316518725066944,10,2016-02-28
FOODS_3_808,2016-03-02,5.55702143189693,0,2016-02-28
FOODS_2_197,2016-03-03,16.837885569317496,10,2016-02-28
FOODS_3_080,2016-03-03,16.905154752244187,11,2016-02-28
FOODS_3_090,2016-03-03,46.81098090247832,46,2016-02-28
FOODS_3_120,2016-03-03,20.639669909714087,0,2016-02-28
FOODS_3_252,2016-03-03,28.674884488686995,27,2016-02-28
FOODS_3_555,2016-03-03,15.365074195898028,14,2016-02-28
FOODS_3_586,2016-03-03,31.19669377560568,32,2016-02-28
FOODS_3_587,2016-03-03,20.232403144007613,25,2016-02-28
FOODS_3_714,2016-03-03,15.41284476532074,18,2016-02-28
FOODS_3_808,2016-03-03,10.018173154699134,6,2016-02-28
FOODS_2_197,2016-03-04,18.125591179041884,23,2016-02-28
FOODS_3_080,2016-03-04,18.770090180028372,13,2016-02-28
FOODS_3_090,2016-03-04,60.73427566938254,67,2016-02-28
FOODS_3_120,2016-03-04,14.83586048331003,0,2016-02-28
FOODS_3_252,2016-03-04,39.130934352204925,22,2016-02-28
FOODS_3_555,2016-03-04,19.3084775684265,19,2016-02-28
FOODS_3_586,2016-03-04,37.47037900916965,29,2016-02-28
FOODS_3_587,2016-03-04,22.58892657035899,15,2016-02-28
FOODS_3_714,2016-03-04,18.311029983254294,18,2016-02-28
FOODS_3_808,2016-03-04,10.155022275773767,6,2016-02-28
FOODS_2_197,2016-03-05,24.994343781814095,28,2016-02-28
FOODS_3_080,2016-03-05,25.238631071760654,23,2016-02-28
FOODS_3_090,2016-03-05,74.4353035024551,69,2016-02-28
FOODS_3_120,2016-03-05,43.05950415573282,0,2016-02-28
FOODS_3_252,2016-03-05,53.28174030532154,43,2016-02-28
FOODS_3_555,2016-03-05,26.645579766547176,22,2016-02-28
FOODS_3_586,2016-03-05,47.20683124737749,39,2016-02-28
FOODS_3_587,2016-03-05,26.228992964205585,22,2016-02-28
FOODS_3_714,2016-03-05,26.3461086544894,24,2016-02-28
FOODS_3_808,2016-03-05,10.281433764889705,0,2016-02-28
FOODS_2_197,2016-03-06,27.60748503070636,26,2016-02-28
FOODS_3_080,2016-03-06,25.48457954629876,34,2016-02-28
FOODS_3_090,2016-03-06,74.06927515005944,47,2016-02-28
FOODS_3_120,2016-03-06,37.897972667576795,0,2016-02-28
FOODS_3_252,2016-03-06,52.873440218503355,69,2016-02-28
FOODS_3_555,2016-03-06,25.45137210160816,33,2016-02-28
FOODS_3_586,2016-03-06,53.990188113489616,54,2016-02-28
FOODS_3_587,2016-03-06,31.88436675569145,50,2016-02-28
FOODS_3_714,2016-03-06,26.478547726394154,29,2016-02-28
FOODS_3_808,2016-03-06,12.997341078950337,0,2016-02-28
FOODS_2_197,2016-03-07,20.30975276566381,21,2016-02-28
FOODS_3_080,2016-03-07,17.862089036808154,12,2016-02-28
FOODS_3_090,2016-03-07,49.365369817481664,90,2016-02-28
FOODS_3_120,2016-03-07,32.24728128470636,0,2016-02-28
FOODS_3_252,2016-03-07,32.924861979422424,19,2016-02-28
FOODS_3_555,2016-03-07,16.642768015114306,14,2016-02-28
FOODS_3_586,2016-03-07,34.76718088701625,37,2016-02-28
FOODS_3_587,2016-03-07,26.289894104930116,19,2016-02-28
FOODS_3_714,2016-03-07,16.55737199098134,13,2016-02-28
FOODS_3_808,2016-03-07,12.902948691922147,2,2016-02-28
FOODS_2_197,2016-03-08,18.468167709643673,14,2016-02-28
FOODS_3_080,2016-03-08,16.91412345056395,12,2016-02-28
FOODS_3_090,2016-03-08,48.28565463339555,28,2016-02-28
FOODS_3_120,2016-03-08,26.839105627786928,0,2016-02-28
FOODS_3_252,2016-03-08,32.17640030823899,25,2016-02-28
FOODS_3_555,2016-03-08,17.084738249941356,15,2016-02-28
FOODS_3_586,2016-03-08,31.707813955838002,40,2016-02-28
FOODS_3_587,2016-03-08,23.332534183270134,24,2016-02-28
FOODS_3_714,2016-03-08,16.32320061975718,7,2016-02-28
FOODS_3_808,2016-03-08,11.084834851368996,4,2016-02-28
FOODS_2_197,2016-03-09,18.333775945663245,20,2016-02-28
FOODS_3_080,2016-03-09,16.528521023226677,12,2016-02-28
FOODS_3_090,2016-03-09,47.130854199267915,30,2016-02-28
FOODS_3_120,2016-03-09,29.25531405504264,0,2016-02-28
FOODS_3_252,2016-03-09,30.902792511819243,21,2016-02-28
FOODS_3_555,2016-03-09,16.808608501970266,12,2016-02-28
FOODS_3_586,2016-03-09,31.30975878956196,34,2016-02-28
FOODS_3_587,2016-03-09,23.492816474108487,32,2016-02-28
FOODS_3_714,2016-03-09,16.82736143714031,17,2016-02-28
FOODS_3_808,2016-03-09,11.348501257670778,0,2016-02-28
FOODS_2_197,2016-03-10,17.471484930172412,13,2016-02-28
FOODS_3_080,2016-03-10,18.47219124607632,11,2016-02-28
FOODS_3_090,2016-03-10,49.214104017522644,40,2016-02-28
FOODS_3_120,2016-03-10,26.311677265472664,0,2016-02-28
FOODS_3_252,2016-03-10,33.370371989542534,28,2016-02-28
FOODS_3_555,2016-03-10,18.2497429500584,19,2016-02-28
FOODS_3_586,2016-03-10,34.30926092857472,41,2016-02-28
FOODS_3_587,2016-03-10,21.368046087631843,20,2016-02-28
FOODS_3_714,2016-03-10,17.09134638105726,22,2016-02-28
FOODS_3_808,2016-03-10,10.693186159671807,1,2016-02-28
FOODS_2_197,2016-03-11,16.241415219445944,11,2016-02-28
FOODS_3_080,2016-03-11,19.17114137824381,19,2016-02-28
FOODS_3_090,2016-03-11,62.731591347769275,63,2016-02-28
FOODS_3_120,2016-03-11,22.98622591715944,0,2016-02-28
FOODS_3_252,2016-03-11,37.65482915610803,38,2016-02-28
FOODS_3_555,2016-03-11,18.366072996901185,11,2016-02-28
FOODS_3_586,2016-03-11,38.05800233716062,19,2016-02-28
FOODS_3_587,2016-03-11,21.444901618535976,26,2016-02-28
FOODS_3_714,2016-03-11,19.067928310714258,18,2016-02-28
FOODS_3_808,2016-03-11,11.728750895885623,2,2016-02-28
FOODS_2_197,2016-03-12,22.63098528861529,13,2016-02-28
FOODS_3_080,2016-03-12,25.144013085925017,45,2016-02-28
FOODS_3_090,2016-03-12,78.6428841641841,58,2016-02-28
FOODS_3_120,2016-03-12,38.55885152005435,0,2016-02-28
FOODS_3_252,2016-03-12,51.88032509491337,39,2016-02-28
FOODS_3_555,2016-03-12,23.660467381231292,31,2016-02-28
FOODS_3_586,2016-03-12,48.501935604062666,42,2016-02-28
FOODS_3_587,2016-03-12,31.479653054292534,30,2016-02-28
FOODS_3_714,2016-03-12,25.395713938454797,29,2016-02-28
FOODS_3_808,2016-03-12,13.859034684690194,7,2016-02-28
FOODS_2_197,2016-03-13,25.42444433878749,19,2016-02-28
FOODS_3_080,2016-03-13,25.034738052793973,15,2016-02-28
FOODS_3_090,2016-03-13,73.59177196796941,56,2016-02-28
FOODS_3_120,2016-03-13,37.44775720927085,57,2016-02-28
FOODS_3_252,2016-03-13,54.98495742535329,35,2016-02-28
FOODS_3_555,2016-03-13,25.16301433811604,19,2016-02-28
FOODS_3_586,2016-03-13,52.48384055775855,37,2016-02-28
FOODS_3_587,2016-03-13,32.292864251314015,1,2016-02-28
FOODS_3_714,2016-03-13,28.953158186915882,15,2016-02-28
FOODS_3_808,2016-03-13,18.72838812788614,2,2016-02-28
FOODS_2_197,2016-03-14,17.55984827154617,20,2016-02-28
FOODS_3_080,2016-03-14,17.445279074573644,11,2016-02-28
FOODS_3_090,2016-03-14,50.2421809185285,45,2016-02-28
FOODS_3_120,2016-03-14,25.84195451729178,6,2016-02-28
FOODS_3_252,2016-03-14,33.72875555202468,28,2016-02-28
FOODS_3_555,2016-03-14,16.602098860191216,20,2016-02-28
FOODS_3_586,2016-03-14,32.838856260353865,39,2016-02-28
FOODS_3_587,2016-03-14,24.533593138825527,37,2016-02-28
FOODS_3_714,2016-03-14,17.64059389957503,16,2016-02-28
FOODS_3_808,2016-03-14,13.915146382584549,2,2016-02-28
FOODS_2_197,2016-03-15,15.450625407447147,10,2016-02-28
FOODS_3_080,2016-03-15,15.960532107972782,8,2016-02-28
FOODS_3_090,2016-03-15,44.48198054201902,30,2016-02-28
FOODS_3_120,2016-03-15,23.602555163890102,43,2016-02-28
FOODS_3_252,2016-03-15,29.619735682524084,21,2016-02-28
FOODS_3_555,2016-03-15,15.960532107972782,7,2016-02-28
FOODS_3_586,2016-03-15,29.478185926031436,26,2016-02-28
FOODS_3_587,2016-03-15,21.877790807871456,15,2016-02-28
FOODS_3_714,2016-03-15,15.707092578087398,6,2016-02-28
FOODS_3_808,2016-03-15,12.342289007789628,1,2016-02-28
FOODS_2_197,2016-03-16,15.499907004475775,11,2016-02-28
FOODS_3_080,2016-03-16,15.960532107972782,12,2016-02-28
FOODS_3_090,2016-03-16,43.94443117425258,38,2016-02-28
FOODS_3_120,2016-03-16,23.080684105566938,30,2016-02-28
FOODS_3_252,2016-03-16,30.083948029732465,23,2016-02-28
FOODS_3_555,2016-03-16,15.960532107972782,15,2016-02-28
FOODS_3_586,2016-03-16,29.90511784829771,27,2016-02-28
FOODS_3_587,2016-03-16,18.722346087940544,43,2016-02-28
FOODS_3_714,2016-03-16,15.758887328833628,11,2016-02-28
FOODS_3_808,2016-03-16,11.665206967689196,0,2016-02-28
FOODS_2_197,2016-03-17,14.591923730690448,11,2016-02-28
FOODS_3_080,2016-03-17,16.03294523756106,7,2016-02-28
FOODS_3_090,2016-03-17,44.79021764978905,42,2016-02-28
FOODS_3_120,2016-03-17,22.981557802863833,52,2016-02-28
FOODS_3_252,2016-03-17,30.77566464026427,23,2016-02-28
FOODS_3_555,2016-03-17,16.158149446571375,13,2016-02-28
FOODS_3_586,2016-03-17,30.05541750543427,39,2016-02-28
FOODS_3_587,2016-03-17,21.15717883307899,27,2016-02-28
FOODS_3_714,2016-03-17,15.453812180079028,9,2016-02-28
FOODS_3_808,2016-03-17,11.769433183639903,0,2016-02-28
FOODS_2_197,2016-03-18,15.442769970678267,14,2016-02-28
FOODS_3_080,2016-03-18,18.481514828744547,30,2016-02-28
FOODS_3_090,2016-03-18,62.577729144966,43,2016-02-28
FOODS_3_120,2016-03-18,28.65559094966801,26,2016-02-28
FOODS_3_252,2016-03-18,38.553785202049994,31,2016-02-28
FOODS_3_555,2016-03-18,18.176254619655197,15,2016-02-28
FOODS_3_586,2016-03-18,35.38049970054183,31,2016-02-28
FOODS_3_587,2016-03-18,23.058011776587122,30,2016-02-28
FOODS_3_714,2016-03-18,19.117209907742883,20,2016-02-28
FOODS_3_808,2016-03-18,12.564404757767678,0,2016-02-28
FOODS_2_197,2016-03-19,21.292835808255447,16,2016-02-28
FOODS_3_080,2016-03-19,24.72683382489594,30,2016-02-28
FOODS_3_090,2016-03-19,75.08758116968532,92,2016-02-28
FOODS_3_120,2016-03-19,44.38869466179807,60,2016-02-28
FOODS_3_252,2016-03-19,52.19398776079467,52,2016-02-28
FOODS_3_555,2016-03-19,26.62492640233942,20,2016-02-28
FOODS_3_586,2016-03-19,45.921565343537296,42,2016-02-28
FOODS_3_587,2016-03-19,29.43380577629662,61,2016-02-28
FOODS_3_714,2016-03-19,25.992532432030412,37,2016-02-28
FOODS_3_808,2016-03-19,16.913098227501436,0,2016-02-28
FOODS_2_197,2016-03-20,25.251699852945087,24,2016-02-28
FOODS_3_080,2016-03-20,25.4765724920632,28,2016-02-28
FOODS_3_090,2016-03-20,72.0902227592168,66,2016-02-28
FOODS_3_120,2016-03-20,42.89650961679808,135,2016-02-28
FOODS_3_252,2016-03-20,54.825492020116705,56,2016-02-28
FOODS_3_555,2016-03-20,25.4765724920632,22,2016-02-28
FOODS_3_586,2016-03-20,50.19679814356784,49,2016-02-28
FOODS_3_587,2016-03-20,35.361087729248865,54,2016-02-28
FOODS_3_714,2016-03-20,27.028374664291167,28,2016-02-28
FOODS_3_808,2016-03-20,18.306262432221143,0,2016-02-28
FOODS_2_197,2016-03-21,16.35379539234397,19,2016-02-28
FOODS_3_080,2016-03-21,16.30191319172373,17,2016-02-28
FOODS_3_090,2016-03-21,52.599754787870374,40,2016-02-28
FOODS_3_120,2016-03-21,30.08896818015336,18,2016-02-28
FOODS_3_252,2016-03-21,32.27545097762529,14,2016-02-28
FOODS_3_555,2016-03-21,16.176708982713418,11,2016-02-28
FOODS_3_586,2016-03-21,30.674187738382663,27,2016-02-28
FOODS_3_587,2016-03-21,25.97603722961424,46,2016-02-28
FOODS_3_714,2016-03-21,16.176708982713418,13,2016-02-28
FOODS_3_808,2016-03-21,14.283253732422324,0,2016-02-28
FOODS_2_197,2016-03-22,14.273201955956683,9,2016-02-28
FOODS_3_080,2016-03-22,15.911250510944146,29,2016-02-28
FOODS_3_090,2016-03-22,48.81538811756727,36,2016-02-28
FOODS_3_120,2016-03-22,25.437087074444765,0,2016-02-28
FOODS_3_252,2016-03-22,29.66035676415821,14,2016-02-28
FOODS_3_555,2016-03-22,15.911250510944146,21,2016-02-28
FOODS_3_586,2016-03-22,28.980680487984397,24,2016-02-28
FOODS_3_587,2016-03-22,19.258507832328952,30,2016-02-28
FOODS_3_714,2016-03-22,15.857053559176595,17,2016-02-28
FOODS_3_808,2016-03-22,12.070656927367223,0,2016-02-28
FOODS_2_197,2016-03-23,14.11402640377358,4,2016-02-28
FOODS_3_080,2016-03-23,15.786046301933842,13,2016-02-28
FOODS_3_090,2016-03-23,48.41737531533845,29,2016-02-28
FOODS_3_120,2016-03-23,27.22330942614918,30,2016-02-28
FOODS_3_252,2016-03-23,28.89423173131033,32,2016-02-28
FOODS_3_555,2016-03-23,15.786046301933842,17,2016-02-28
FOODS_3_586,2016-03-23,28.477097420532854,33,2016-02-28
FOODS_3_587,2016-03-23,19.453872552937334,27,2016-02-28
FOODS_3_714,2016-03-23,15.747159604022114,18,2016-02-28
FOODS_3_808,2016-03-23,11.917092990667202,0,2016-02-28
FOODS_2_197,2016-03-24,13.773803835676874,9,2016-02-28
FOODS_3_080,2016-03-24,18.340370007987683,37,2016-02-28
FOODS_3_090,2016-03-24,54.24518821685142,48,2016-02-28
FOODS_3_120,2016-03-24,25.39400890431475,41,2016-02-28
FOODS_3_252,2016-03-24,29.714441081885777,26,2016-02-28
FOODS_3_555,2016-03-24,16.557991815232413,19,2016-02-28
FOODS_3_586,2016-03-24,28.91642820432047,36,2016-02-28
FOODS_3_587,2016-03-24,18.966908433156288,34,2016-02-28
FOODS_3_714,2016-03-24,15.620207646704541,12,2016-02-28
FOODS_3_808,2016-03-24,12.021319206617912,0,2016-02-28
FOODS_2_197,2016-03-25,15.292490668434114,16,2016-02-28
FOODS_3_080,2016-03-25,18.05612495126675,21,2016-02-28
FOODS_3_090,2016-03-25,63.5970811529711,60,2016-02-28
FOODS_3_120,2016-03-25,30.637228901855384,38,2016-02-28
FOODS_3_252,2016-03-25,36.31662446894271,45,2016-02-28
FOODS_3_555,2016-03-25,18.071435205122583,23,2016-02-28
FOODS_3_586,2016-03-25,35.27003037297254,45,2016-02-28
FOODS_3_587,2016-03-25,21.348560611486015,41,2016-02-28
FOODS_3_714,2016-03-25,19.117209907742883,27,2016-02-28
FOODS_3_808,2016-03-25,12.564404757767678,0,2016-02-28
FOODS_2_197,2016-03-26,21.249795942159253,11,2016-02-28
FOODS_3_080,2016-03-26,24.58060366791059,24,2016-02-28
FOODS_3_090,2016-03-26,84.05336274159306,102,2016-02-28
FOODS_3_120,2016-03-26,56.95204159691654,84,2016-02-28
FOODS_3_252,2016-03-26,51.94256442343259,73,2016-02-28
FOODS_3_555,2016-03-26,24.25341049346719,25,2016-02-28
FOODS_3_586,2016-03-26,45.438456480812455,63,2016-02-28
FOODS_3_587,2016-03-26,30.431602365145288,39,2016-02-28
FOODS_3_714,2016-03-26,25.461131613040084,43,2016-02-28
FOODS_3_808,2016-03-26,16.464072879252598,12,2016-02-28
FOODS_2_197,2016-03-27,22.691971023658084,12,2016-02-28
FOODS_3_080,2016-03-27,23.034457442507943,18,2016-02-28
FOODS_3_090,2016-03-27,88.34926166296525,112,2016-02-28
FOODS_3_120,2016-03-27,50.57998563780707,69,2016-02-28
FOODS_3_252,2016-03-27,53.163608086263515,54,2016-02-28
FOODS_3_555,2016-03-27,23.548810948311548,21,2016-02-28
FOODS_3_586,2016-03-27,47.29778319488974,63,2016-02-28
FOODS_3_587,2016-03-27,24.610793656825333,51,2016-02-28
FOODS_3_714,2016-03-27,25.750372424453616,30,2016-02-28
FOODS_3_808,2016-03-27,19.156994993322453,3,2016-02-28
FOODS_2_197,2016-03-28,12.849368426504922,26,2016-03-27
FOODS_3_080,2016-03-28,18.25580771983937,16,2016-03-27
FOODS_3_090,2016-03-28,52.61788218566426,25,2016-03-27
FOODS_3_120,2016-03-28,33.59866567246633,34,2016-03-27
FOODS_3_252,2016-03-28,30.141739341153304,24,2016-03-27
FOODS_3_555,2016-03-28,16.16449325051318,19,2016-03-27
FOODS_3_586,2016-03-28,33.4243744764904,27,2016-03-27
FOODS_3_587,2016-03-28,34.12245694682016,38,2016-03-27
FOODS_3_714,2016-03-28,18.25281830427857,11,2016-03-27
FOODS_3_808,2016-03-28,3.863790217495571,16,2016-03-27
FOODS_2_197,2016-03-29,10.792414397816907,12,2016-03-27
FOODS_3_080,2016-03-29,17.27912993449377,27,2016-03-27
FOODS_3_090,2016-03-29,48.81198935841307,47,2016-03-27
FOODS_3_120,2016-03-29,33.45480468916175,62,2016-03-27
FOODS_3_252,2016-03-29,28.144546329118246,28,2016-03-27
FOODS_3_555,2016-03-29,15.62923893899521,19,2016-03-27
FOODS_3_586,2016-03-29,31.50916144022571,32,2016-03-27
FOODS_3_587,2016-03-29,28.558589713240153,26,2016-03-27
FOODS_3_714,2016-03-29,18.171584138727845,4,2016-03-27
FOODS_3_808,2016-03-29,6.071661044962625,1,2016-03-27
FOODS_2_197,2016-03-30,11.396055630987645,12,2016-03-27
FOODS_3_080,2016-03-30,15.949759041184441,7,2016-03-27
FOODS_3_090,2016-03-30,46.7965107651626,23,2016-03-27
FOODS_3_120,2016-03-30,29.351588695931664,21,2016-03-27
FOODS_3_252,2016-03-30,30.29054596466736,25,2016-03-27
FOODS_3_555,2016-03-30,16.09614140594657,16,2016-03-27
FOODS_3_586,2016-03-30,31.82708489054203,26,2016-03-27
FOODS_3_587,2016-03-30,28.7429494781417,25,2016-03-27
FOODS_3_714,2016-03-30,17.10309805801696,13,2016-03-27
FOODS_3_808,2016-03-30,4.017066676863501,3,2016-03-27
FOODS_2_197,2016-03-31,10.65569080540502,9,2016-03-27
FOODS_3_080,2016-03-31,13.785254304533208,13,2016-03-27
FOODS_3_090,2016-03-31,54.319983250332264,21,2016-03-27
FOODS_3_120,2016-03-31,31.397362973993935,29,2016-03-27
FOODS_3_252,2016-03-31,30.68223368928308,26,2016-03-27
FOODS_3_555,2016-03-31,16.170591314162685,12,2016-03-27
FOODS_3_586,2016-03-31,31.903183698971137,28,2016-03-27
FOODS_3_587,2016-03-31,28.193267138085865,15,2016-03-27
FOODS_3_714,2016-03-31,17.887224856774964,19,2016-03-27
FOODS_3_808,2016-03-31,9.356254478867118,13,2016-03-27
FOODS_2_197,2016-04-01,13.449647200742023,9,2016-03-27
FOODS_3_080,2016-04-01,19.310225110781726,28,2016-03-27
FOODS_3_090,2016-04-01,73.40838112927958,72,2016-03-27
FOODS_3_120,2016-04-01,41.575406323644025,44,2016-03-27
FOODS_3_252,2016-04-01,42.20518120875456,45,2016-03-27
FOODS_3_555,2016-04-01,19.4175387815739,19,2016-03-27
FOODS_3_586,2016-04-01,42.08280339366023,36,2016-03-27
FOODS_3_587,2016-04-01,32.54545406679139,15,2016-03-27
FOODS_3_714,2016-04-01,23.285500294457407,29,2016-03-27
FOODS_3_808,2016-04-01,9.94458166733954,6,2016-03-27
FOODS_2_197,2016-04-02,16.800358722053556,23,2016-03-27
FOODS_3_080,2016-04-02,25.75877063288489,31,2016-03-27
FOODS_3_090,2016-04-02,102.0349662796005,58,2016-03-27
FOODS_3_120,2016-04-02,61.09541054347872,109,2016-03-27
FOODS_3_252,2016-04-02,55.98123076784695,68,2016-03-27
FOODS_3_555,2016-04-02,24.116639202926613,30,2016-03-27
FOODS_3_586,2016-04-02,53.87924822628979,65,2016-03-27
FOODS_3_587,2016-04-02,46.246729198858475,27,2016-03-27
FOODS_3_714,2016-04-02,34.59820244305584,40,2016-03-27
FOODS_3_808,2016-04-02,9.8189586796219,0,2016-03-27
FOODS_2_197,2016-04-03,21.38374002763567,25,2016-03-27
FOODS_3_080,2016-04-03,28.15429958949938,20,2016-03-27
FOODS_3_090,2016-04-03,92.24851311166742,54,2016-03-27
FOODS_3_120,2016-04-03,68.50473638170762,126,2016-03-27
FOODS_3_252,2016-04-03,57.86507832299789,52,2016-03-27
FOODS_3_555,2016-04-03,26.890223638848127,30,2016-03-27
FOODS_3_586,2016-04-03,58.15150902196901,54,2016-03-27
FOODS_3_587,2016-04-03,50.942366862755236,29,2016-03-27
FOODS_3_714,2016-04-03,33.53505812305962,23,2016-03-27
FOODS_3_808,2016-04-03,11.516305428840719,0,2016-03-27
FOODS_2_197,2016-04-04,16.54749936236291,28,2016-03-27
FOODS_3_080,2016-04-04,17.58764128688104,21,2016-03-27
FOODS_3_090,2016-04-04,60.345063111737666,42,2016-03-27
FOODS_3_120,2016-04-04,38.77595604887404,24,2016-03-27
FOODS_3_252,2016-04-04,35.4446273210756,33,2016-03-27
FOODS_3_555,2016-04-04,17.23575045490459,16,2016-03-27
FOODS_3_586,2016-04-04,36.81631178932988,30,2016-03-27
FOODS_3_587,2016-04-04,35.81911884033961,23,2016-03-27
FOODS_3_714,2016-04-04,19.571887118356898,25,2016-03-27
FOODS_3_808,2016-04-04,9.700340242910654,0,2016-03-27
FOODS_2_197,2016-04-05,15.336158426988003,12,2016-03-27
FOODS_3_080,2016-04-05,18.42472868696405,17,2016-03-27
FOODS_3_090,2016-04-05,52.4764671675123,29,2016-03-27
FOODS_3_120,2016-04-05,30.79428486163292,0,2016-03-27
FOODS_3_252,2016-04-05,32.01750824259333,32,2016-03-27
FOODS_3_555,2016-04-05,16.987563946106654,21,2016-03-27
FOODS_3_586,2016-04-05,34.18752898779749,37,2016-03-27
FOODS_3_587,2016-04-05,30.677279615571372,21,2016-03-27
FOODS_3_714,2016-04-05,18.171314818069,19,2016-03-27
FOODS_3_808,2016-04-05,10.554624234348323,0,2016-03-27
FOODS_2_197,2016-04-06,15.939665110224244,23,2016-03-27
FOODS_3_080,2016-04-06,16.987563946106654,26,2016-03-27
FOODS_3_090,2016-04-06,53.85397149021971,53,2016-03-27
FOODS_3_120,2016-04-06,34.221504418262185,0,2016-03-27
FOODS_3_252,2016-04-06,33.52012814537422,34,2016-03-27
FOODS_3_555,2016-04-06,16.987563946106654,17,2016-03-27
FOODS_3_586,2016-04-06,34.38316282645762,27,2016-03-27
FOODS_3_587,2016-04-06,31.80578939270996,21,2016-03-27
FOODS_3_714,2016-04-06,18.264700304607242,15,2016-03-27
FOODS_3_808,2016-04-06,10.452781388871955,0,2016-03-27
FOODS_2_197,2016-04-07,16.05506406201164,12,2016-03-27
FOODS_3_080,2016-04-07,18.429460925802868,11,2016-03-27
FOODS_3_090,2016-04-07,55.77439472276252,39,2016-03-27
FOODS_3_120,2016-04-07,34.191061030066024,0,2016-03-27
FOODS_3_252,2016-04-07,33.3191878245694,40,2016-03-27
FOODS_3_555,2016-04-07,17.065112091759037,13,2016-03-27
FOODS_3_586,2016-04-07,35.37199869120341,35,2016-03-27
FOODS_3_587,2016-04-07,31.238084609932688,16,2016-03-27
FOODS_3_714,2016-04-07,19.314375644057034,15,2016-03-27
FOODS_3_808,2016-04-07,10.625739835763632,0,2016-03-27
FOODS_2_197,2016-04-08,17.66541330950802,35,2016-03-27
FOODS_3_080,2016-04-08,19.437056746467526,14,2016-03-27
FOODS_3_090,2016-04-08,76.71387649164915,42,2016-03-27
FOODS_3_120,2016-04-08,45.990562532427475,58,2016-03-27
FOODS_3_252,2016-04-08,44.35200488515314,45,2016-03-27
FOODS_3_555,2016-04-08,19.486616861660874,14,2016-03-27
FOODS_3_586,2016-04-08,43.39920413136552,41,2016-03-27
FOODS_3_587,2016-04-08,35.07581226499036,22,2016-03-27
FOODS_3_714,2016-04-08,23.927195283631306,18,2016-03-27
FOODS_3_808,2016-04-08,10.88869800191669,0,2016-03-27
FOODS_2_197,2016-04-09,22.181576478086328,37,2016-03-27
FOODS_3_080,2016-04-09,30.082481842531156,21,2016-03-27
FOODS_3_090,2016-04-09,99.04663959705208,83,2016-03-27
FOODS_3_120,2016-04-09,62.049665833343674,55,2016-03-27
FOODS_3_252,2016-04-09,57.54264781561889,59,2016-03-27
FOODS_3_555,2016-04-09,27.2526164345262,33,2016-03-27
FOODS_3_586,2016-04-09,54.77413894438913,60,2016-03-27
FOODS_3_587,2016-04-09,44.752342635643025,24,2016-03-27
FOODS_3_714,2016-04-09,34.895420510552924,33,2016-03-27
FOODS_3_808,2016-04-09,13.65969179313534,0,2016-03-27
FOODS_2_197,2016-04-10,24.616521597284564,23,2016-03-27
FOODS_3_080,2016-04-10,26.62970220252432,12,2016-03-27
FOODS_3_090,2016-04-10,87.85311175693052,83,2016-03-27
FOODS_3_120,2016-04-10,59.146349066770846,0,2016-03-27
FOODS_3_252,2016-04-10,57.70569794007731,37,2016-03-27
FOODS_3_555,2016-04-10,25.767564666762237,26,2016-03-27
FOODS_3_586,2016-04-10,58.09192153761959,48,2016-03-27
FOODS_3_587,2016-04-10,51.55100099120338,43,2016-03-27
FOODS_3_714,2016-04-10,33.60243865536008,25,2016-03-27
FOODS_3_808,2016-04-10,15.573231452343833,0,2016-03-27
FOODS_2_197,2016-04-11,16.766810214147906,20,2016-03-27
FOODS_3_080,2016-04-11,16.470761357160672,19,2016-03-27
FOODS_3_090,2016-04-11,55.804273904391195,48,2016-03-27
FOODS_3_120,2016-04-11,41.4239596694574,2,2016-03-27
FOODS_3_252,2016-04-11,33.51001884250461,32,2016-03-27
FOODS_3_555,2016-04-11,16.684695366844455,18,2016-03-27
FOODS_3_586,2016-04-11,35.47325576759345,36,2016-03-27
FOODS_3_587,2016-04-11,35.1077712684094,33,2016-03-27
FOODS_3_714,2016-04-11,18.462418633786836,7,2016-03-27
FOODS_3_808,2016-04-11,13.082424377046634,0,2016-03-27
FOODS_2_197,2016-04-12,14.706319739557584,40,2016-03-27
FOODS_3_080,2016-04-12,16.11567355515754,17,2016-03-27
FOODS_3_090,2016-04-12,55.09472470452337,26,2016-03-27
FOODS_3_120,2016-04-12,35.960575900585816,0,2016-03-27
FOODS_3_252,2016-04-12,30.43164130909245,18,2016-03-27
FOODS_3_555,2016-04-12,16.179683443502743,14,2016-03-27
FOODS_3_586,2016-04-12,32.14379447225184,29,2016-03-27
FOODS_3_587,2016-04-12,28.48875925600983,16,2016-03-27
FOODS_3_714,2016-04-12,17.51152752479375,5,2016-03-27
FOODS_3_808,2016-04-12,11.05073333550156,0,2016-03-27
FOODS_2_197,2016-04-13,13.61320865846902,7,2016-03-27
FOODS_3_080,2016-04-13,16.132547862308357,17,2016-03-27
FOODS_3_090,2016-04-13,52.224350873520166,41,2016-03-27
FOODS_3_120,2016-04-13,36.1448024801435,0,2016-03-27
FOODS_3_252,2016-04-13,30.598347586967634,37,2016-03-27
FOODS_3_555,2016-04-13,16.169554347897726,15,2016-03-27
FOODS_3_586,2016-04-13,31.43729598956924,20,2016-03-27
FOODS_3_587,2016-04-13,30.348829602394925,23,2016-03-27
FOODS_3_714,2016-04-13,17.454988889993412,11,2016-03-27
FOODS_3_808,2016-04-13,11.27046716368597,0,2016-03-27
FOODS_2_197,2016-04-14,13.50010969333506,9,2016-03-27
FOODS_3_080,2016-04-14,16.1807204097677,10,2016-03-27
FOODS_3_090,2016-04-14,60.443577361519154,44,2016-03-27
FOODS_3_120,2016-04-14,36.81885441279474,38,2016-03-27
FOODS_3_252,2016-04-14,31.11517758946648,27,2016-03-27
FOODS_3_555,2016-04-14,16.170591314162685,12,2016-03-27
FOODS_3_586,2016-04-14,33.13634203138006,43,2016-03-27
FOODS_3_587,2016-04-14,29.096544766845856,21,2016-03-27
FOODS_3_714,2016-04-14,17.846676614609134,9,2016-03-27
FOODS_3_808,2016-04-14,12.73394571627785,0,2016-03-27
FOODS_2_197,2016-04-15,15.376746083172865,9,2016-03-27
FOODS_3_080,2016-04-15,20.169383151346924,16,2016-03-27
FOODS_3_090,2016-04-15,77.4987806563828,47,2016-03-27
FOODS_3_120,2016-04-15,41.64336975867852,60,2016-03-27
FOODS_3_252,2016-04-15,39.7581047390795,23,2016-03-27
FOODS_3_555,2016-04-15,18.40632160584586,10,2016-03-27
FOODS_3_586,2016-04-15,38.019587968046025,32,2016-03-27
FOODS_3_587,2016-04-15,31.51561647095924,20,2016-03-27
FOODS_3_714,2016-04-15,22.07241733753246,20,2016-03-27
FOODS_3_808,2016-04-15,12.140179818405633,0,2016-03-27
FOODS_2_197,2016-04-16,20.827775455919113,22,2016-03-27
FOODS_3_080,2016-04-16,26.16030122721976,23,2016-03-27
FOODS_3_090,2016-04-16,105.13247697068607,82,2016-03-27
FOODS_3_120,2016-04-16,50.55062741060564,52,2016-03-27
FOODS_3_252,2016-04-16,54.21467481391005,57,2016-03-27
FOODS_3_555,2016-04-16,23.52280730537533,32,2016-03-27
FOODS_3_586,2016-04-16,53.28025196895024,37,2016-03-27
FOODS_3_587,2016-04-16,43.87816496058981,27,2016-03-27
FOODS_3_714,2016-04-16,34.31258752363304,37,2016-03-27
FOODS_3_808,2016-04-16,16.062760955589624,0,2016-03-27
FOODS_2_197,2016-04-17,23.039477151930196,24,2016-03-27
FOODS_3_080,2016-04-17,26.460869275702777,23,2016-03-27
FOODS_3_090,2016-04-17,93.79848142526522,83,2016-03-27
FOODS_3_120,2016-04-17,51.098954269107004,56,2016-03-27
FOODS_3_252,2016-04-17,57.1810277641141,49,2016-03-27
FOODS_3_555,2016-04-17,25.732505409778874,26,2016-03-27
FOODS_3_586,2016-04-17,58.13768236592408,64,2016-03-27
FOODS_3_587,2016-04-17,48.303575217702075,36,2016-03-27
FOODS_3_714,2016-04-17,33.96744381933569,37,2016-03-27
FOODS_3_808,2016-04-17,17.677302284844657,0,2016-03-27
FOODS_2_197,2016-04-18,16.02616439469565,21,2016-03-27
FOODS_3_080,2016-04-18,16.524234796563224,15,2016-03-27
FOODS_3_090,2016-04-18,55.09581935670414,30,2016-03-27
FOODS_3_120,2016-04-18,40.21600750427285,6,2016-03-27
FOODS_3_252,2016-04-18,31.785193607958735,21,2016-03-27
FOODS_3_555,2016-04-18,16.374310675224645,13,2016-03-27
FOODS_3_586,2016-04-18,33.014755949502714,30,2016-03-27
FOODS_3_587,2016-04-18,34.35842725421106,16,2016-03-27
FOODS_3_714,2016-04-18,18.17128857252545,15,2016-03-27
FOODS_3_808,2016-04-18,14.05504218630238,0,2016-03-27
FOODS_2_197,2016-04-19,14.056499526532207,22,2016-03-27
FOODS_3_080,2016-04-19,17.686084760689113,12,2016-03-27
FOODS_3_090,2016-04-19,53.94854810213036,45,2016-03-27
FOODS_3_120,2016-04-19,33.43058194083181,43,2016-03-27
FOODS_3_252,2016-04-19,29.998217999593617,46,2016-03-27
FOODS_3_555,2016-04-19,16.46827742275054,21,2016-03-27
FOODS_3_586,2016-04-19,31.196070032454546,40,2016-03-27
FOODS_3_587,2016-04-19,29.05471462513411,10,2016-03-27
FOODS_3_714,2016-04-19,17.390294129458038,6,2016-03-27
FOODS_3_808,2016-04-19,12.669828509013646,0,2016-03-27
FOODS_2_197,2016-04-20,14.390060836710385,25,2016-03-27
FOODS_3_080,2016-04-20,16.169554347897726,30,2016-03-27
FOODS_3_090,2016-04-20,54.47991156185061,29,2016-03-27
FOODS_3_120,2016-04-20,32.25687724077441,48,2016-03-27
FOODS_3_252,2016-04-20,31.09248975830121,24,2016-03-27
FOODS_3_555,2016-04-20,16.24606552728515,15,2016-03-27
FOODS_3_586,2016-04-20,31.918623067945365,31,2016-03-27
FOODS_3_587,2016-04-20,28.952392755563288,15,2016-03-27
FOODS_3_714,2016-04-20,17.390294129458038,10,2016-03-27
FOODS_3_808,2016-04-20,12.654955263640117,0,2016-03-27
FOODS_2_197,2016-04-21,13.870370025746746,11,2016-03-27
FOODS_3_080,2016-04-21,18.3601341661272,13,2016-03-27
FOODS_3_090,2016-04-21,58.77089674777334,53,2016-03-27
FOODS_3_120,2016-04-21,32.84189724873407,47,2016-03-27
FOODS_3_252,2016-04-21,31.575700482644102,35,2016-03-27
FOODS_3_555,2016-04-21,16.24710249355011,14,2016-03-27
FOODS_3_586,2016-04-21,32.19396629999495,45,2016-03-27
FOODS_3_587,2016-04-21,29.06565574214542,10,2016-03-27
FOODS_3_714,2016-04-21,17.705470674686335,12,2016-03-27
FOODS_3_808,2016-04-21,12.642592907612954,0,2016-03-27
FOODS_2_197,2016-04-22,15.16817309467002,11,2016-03-27
FOODS_3_080,2016-04-22,18.788572533937504,10,2016-03-27
FOODS_3_090,2016-04-22,80.59210594985619,87,2016-03-27
FOODS_3_120,2016-04-22,41.133516676100164,39,2016-03-27
FOODS_3_252,2016-04-22,42.80843378155711,33,2016-03-27
FOODS_3_555,2016-04-22,18.89405976995906,14,2016-03-27
FOODS_3_586,2016-04-22,41.02411162340315,28,2016-03-27
FOODS_3_587,2016-04-22,31.96298992142601,21,2016-03-27
FOODS_3_714,2016-04-22,24.06747022655619,18,2016-03-27
FOODS_3_808,2016-04-22,13.24633441679632,0,2016-03-27
FOODS_2_197,2016-04-23,20.632633394824143,19,2016-03-27
FOODS_3_080,2016-04-23,26.107813095640267,25,2016-03-27
FOODS_3_090,2016-04-23,107.96328960675436,95,2016-03-27
FOODS_3_120,2016-04-23,55.05588751625365,59,2016-03-27
FOODS_3_252,2016-04-23,56.37090140771492,49,2016-03-27
FOODS_3_555,2016-04-23,25.100938074882443,23,2016-03-27
FOODS_3_586,2016-04-23,54.235064322904414,40,2016-03-27
FOODS_3_587,2016-04-23,42.135307742544875,24,2016-03-27
FOODS_3_714,2016-04-23,35.182330242039825,22,2016-03-27
FOODS_3_808,2016-04-23,19.381414370302416,0,2016-03-27
FOODS_2_197,2016-04-24,22.695342606622905,33,2016-03-27
FOODS_3_080,2016-04-24,25.890096405085448,25,2016-03-27
FOODS_3_090,2016-04-24,102.16800214310099,42,2016-03-27
FOODS_3_120,2016-04-24,58.45431218413354,59,2016-03-27
FOODS_3_252,2016-04-24,57.50462644606885,52,2016-03-27
FOODS_3_555,2016-04-24,24.69521296407131,24,2016-03-27
FOODS_3_586,2016-04-24,58.814787549403796,54,2016-03-27
FOODS_3_587,2016-04-24,48.303575217702075,26,2016-03-27
FOODS_3_714,2016-04-24,33.906931708371346,27,2016-03-27
FOODS_3_808,2016-04-24,20.755079867521278,0,2016-03-27
FOODS_2_197,2016-04-25,19.913280130860866,17,2016-04-24
FOODS_3_080,2016-04-25,15.588652318935704,17,2016-04-24
FOODS_3_090,2016-04-25,47.09419350929573,48,2016-04-24
FOODS_3_120,2016-04-25,25.303192550336355,34,2016-04-24
FOODS_3_252,2016-04-25,29.894027081870068,30,2016-04-24
FOODS_3_555,2016-04-25,15.216334813984123,13,2016-04-24
FOODS_3_586,2016-04-25,31.33150942552744,40,2016-04-24
FOODS_3_587,2016-04-25,21.71529457692537,19,2016-04-24
FOODS_3_714,2016-04-25,13.986615765057643,10,2016-04-24
FOODS_3_808,2016-04-25,2.15254085971898,0,2016-04-24
FOODS_2_197,2016-04-26,16.768321199875384,24,2016-04-24
FOODS_3_080,2016-04-26,16.53795164728638,18,2016-04-24
FOODS_3_090,2016-04-26,42.23517486932949,35,2016-04-24
FOODS_3_120,2016-04-26,33.8340237753278,30,2016-04-24
FOODS_3_252,2016-04-26,28.466714975396975,27,2016-04-24
FOODS_3_555,2016-04-26,14.913026011809137,17,2016-04-24
FOODS_3_586,2016-04-26,30.640911161269322,29,2016-04-24
FOODS_3_587,2016-04-26,16.298471324825734,13,2016-04-24
FOODS_3_714,2016-04-26,13.97278486855804,6,2016-04-24
FOODS_3_808,2016-04-26,2.960080752545591,0,2016-04-24
FOODS_2_197,2016-04-27,15.043220986039984,18,2016-04-24
FOODS_3_080,2016-04-27,15.757996658456427,24,2016-04-24
FOODS_3_090,2016-04-27,43.55757842619907,34,2016-04-24
FOODS_3_120,2016-04-27,28.23698815377904,32,2016-04-24
FOODS_3_252,2016-04-27,27.620180015043694,13,2016-04-24
FOODS_3_555,2016-04-27,14.37732961249743,14,2016-04-24
FOODS_3_586,2016-04-27,28.530726367911985,30,2016-04-24
FOODS_3_587,2016-04-27,17.58564291622353,21,2016-04-24
FOODS_3_714,2016-04-27,13.856595531178861,10,2016-04-24
FOODS_3_808,2016-04-27,2.960080752545591,0,2016-04-24
FOODS_2_197,2016-04-28,13.614615467843642,7,2016-04-24
FOODS_3_080,2016-04-28,14.524531680268854,10,2016-04-24
FOODS_3_090,2016-04-28,44.01345223225945,67,2016-04-24
FOODS_3_120,2016-04-28,29.527595107074063,43,2016-04-24
FOODS_3_252,2016-04-28,29.06233065108157,28,2016-04-24
FOODS_3_555,2016-04-28,14.348545908167935,16,2016-04-24
FOODS_3_586,2016-04-28,30.293121317114853,27,2016-04-24
FOODS_3_587,2016-04-28,15.752463880101722,5,2016-04-24
FOODS_3_714,2016-04-28,14.661485089900445,7,2016-04-24
FOODS_3_808,2016-04-28,3.16427988507463,0,2016-04-24
FOODS_2_197,2016-04-29,15.000714450156167,21,2016-04-24
FOODS_3_080,2016-04-29,18.33474630548297,9,2016-04-24
FOODS_3_090,2016-04-29,56.61775442820689,63,2016-04-24
FOODS_3_120,2016-04-29,35.276328401846776,45,2016-04-24
FOODS_3_252,2016-04-29,35.61831370766541,38,2016-04-24
FOODS_3_555,2016-04-29,16.601029071014697,18,2016-04-24
FOODS_3_586,2016-04-29,31.67267245779415,36,2016-04-24
FOODS_3_587,2016-04-29,17.772596322474374,19,2016-04-24
FOODS_3_714,2016-04-29,19.47467726155132,16,2016-04-24
FOODS_3_808,2016-04-29,2.77428528532374,0,2016-04-24
FOODS_2_197,2016-04-30,21.50117115476654,19,2016-04-24
FOODS_3_080,2016-04-30,24.21517028281961,27,2016-04-24
FOODS_3_090,2016-04-30,67.94025660388753,99,2016-04-24
FOODS_3_120,2016-04-30,50.2707947621993,73,2016-04-24
FOODS_3_252,2016-04-30,50.276925752411756,49,2016-04-24
FOODS_3_555,2016-04-30,24.36794282411993,25,2016-04-24
FOODS_3_586,2016-04-30,45.95905223060457,52,2016-04-24
FOODS_3_587,2016-04-30,24.096535143357634,16,2016-04-24
FOODS_3_714,2016-04-30,27.45532274640278,38,2016-04-24
FOODS_3_808,2016-04-30,2.672142255254221,0,2016-04-24
FOODS_2_197,2016-05-01,24.260493676296498,48,2016-04-24
FOODS_3_080,2016-05-01,21.872622749872594,18,2016-04-24
FOODS_3_090,2016-05-01,70.86647704512107,71,2016-04-24
FOODS_3_120,2016-05-01,55.895829721028534,62,2016-04-24
FOODS_3_252,2016-05-01,52.304325311606185,82,2016-04-24
FOODS_3_555,2016-05-01,23.985593930483024,29,2016-04-24
FOODS_3_586,2016-05-01,48.33347901014798,52,2016-04-24
FOODS_3_587,2016-05-01,25.661811412342466,26,2016-04-24
FOODS_3_714,2016-05-01,25.331883351182416,44,2016-04-24
FOODS_3_808,2016-05-01,5.533765525785941,0,2016-04-24
FOODS_2_197,2016-05-02,21.081280675857435,36,2016-04-24
FOODS_3_080,2016-05-02,16.772298734985863,23,2016-04-24
FOODS_3_090,2016-05-02,47.45633344625724,59,2016-04-24
FOODS_3_120,2016-05-02,34.46353474655396,30,2016-04-24
FOODS_3_252,2016-05-02,32.015196134473015,37,2016-04-24
FOODS_3_555,2016-05-02,16.301503685368132,16,2016-04-24
FOODS_3_586,2016-05-02,33.77175036541206,41,2016-04-24
FOODS_3_587,2016-05-02,22.05923496263288,25,2016-04-24
FOODS_3_714,2016-05-02,17.23246226539031,21,2016-04-24
FOODS_3_808,2016-05-02,6.131536045064089,0,2016-04-24
FOODS_2_197,2016-05-03,17.756809829005473,21,2016-04-24
FOODS_3_080,2016-05-03,15.331175451745452,15,2016-04-24
FOODS_3_090,2016-05-03,45.52231709407248,35,2016-04-24
FOODS_3_120,2016-05-03,35.27320686806027,39,2016-04-24
FOODS_3_252,2016-05-03,32.674009455948514,41,2016-04-24
FOODS_3_555,2016-05-03,16.318577439421833,18,2016-04-24
FOODS_3_586,2016-05-03,32.344135320085165,39,2016-04-24
FOODS_3_587,2016-05-03,17.77661914896888,17,2016-04-24
FOODS_3_714,2016-05-03,16.084517221759537,16,2016-04-24
FOODS_3_808,2016-05-03,8.963990521146759,0,2016-04-24
FOODS_2_197,2016-05-04,18.383231920422645,18,2016-04-24
FOODS_3_080,2016-05-04,18.341161184438185,35,2016-04-24
FOODS_3_090,2016-05-04,44.80296680768838,47,2016-04-24
FOODS_3_120,2016-05-04,38.32514422764324,31,2016-04-24
FOODS_3_252,2016-05-04,30.734192828569473,16,2016-04-24
FOODS_3_555,2016-05-04,15.78237367613643,13,2016-04-24
FOODS_3_586,2016-05-04,31.081051818442063,34,2016-04-24
FOODS_3_587,2016-05-04,18.32766486677199,17,2016-04-24
FOODS_3_714,2016-05-04,16.54140106479747,13,2016-04-24
FOODS_3_808,2016-05-04,8.881002261779482,0,2016-04-24
FOODS_2_197,2016-05-05,17.056916165781953,13,2016-04-24
FOODS_3_080,2016-05-05,15.612221241982578,9,2016-04-24
FOODS_3_090,2016-05-05,49.20160445438185,73,2016-04-24
FOODS_3_120,2016-05-05,37.522582902903515,26,2016-04-24
FOODS_3_252,2016-05-05,34.318379761166774,28,2016-04-24
FOODS_3_555,2016-05-05,15.971670041765854,17,2016-04-24
FOODS_3_586,2016-05-05,33.10144513543694,39,2016-04-24
FOODS_3_587,2016-05-05,16.83951074904458,20,2016-04-24
FOODS_3_714,2016-05-05,17.06058165439158,20,2016-04-24
FOODS_3_808,2016-05-05,8.448949661848975,0,2016-04-24
FOODS_2_197,2016-05-06,21.620849218958455,20,2016-04-24
FOODS_3_080,2016-05-06,17.98201411833402,23,2016-04-24
FOODS_3_090,2016-05-06,64.78238363240136,89,2016-04-24
FOODS_3_120,2016-05-06,42.026139942736826,61,2016-04-24
FOODS_3_252,2016-05-06,39.92994218193891,30,2016-04-24
FOODS_3_555,2016-05-06,18.230471679174748,17,2016-04-24
FOODS_3_586,2016-05-06,36.37799856882354,43,2016-04-24
FOODS_3_587,2016-05-06,20.06897855278717,14,2016-04-24
FOODS_3_714,2016-05-06,20.600138687880953,16,2016-04-24
FOODS_3_808,2016-05-06,7.817610069278556,0,2016-04-24
FOODS_2_197,2016-05-07,27.41492720595759,33,2016-04-24
FOODS_3_080,2016-05-07,24.647852329865554,25,2016-04-24
FOODS_3_090,2016-05-07,78.79046073095961,104,2016-04-24
FOODS_3_120,2016-05-07,55.16125575395036,57,2016-04-24
FOODS_3_252,2016-05-07,56.94720155318568,45,2016-04-24
FOODS_3_555,2016-05-07,26.596776087181397,30,2016-04-24
FOODS_3_586,2016-05-07,50.42974086374466,52,2016-04-24
FOODS_3_587,2016-05-07,27.23705365218662,25,2016-04-24
FOODS_3_714,2016-05-07,29.23063519779443,23,2016-04-24
FOODS_3_808,2016-05-07,8.371763455580336,0,2016-04-24
FOODS_2_197,2016-05-08,26.937231890123027,10,2016-04-24
FOODS_3_080,2016-05-08,22.069296298250837,18,2016-04-24
FOODS_3_090,2016-05-08,74.02582348012908,77,2016-04-24
FOODS_3_120,2016-05-08,61.834402935063274,76,2016-04-24
FOODS_3_252,2016-05-08,55.237349905453044,69,2016-04-24
FOODS_3_555,2016-05-08,24.260984198458086,27,2016-04-24
FOODS_3_586,2016-05-08,51.5042511862113,61,2016-04-24
FOODS_3_587,2016-05-08,28.189850733901356,21,2016-04-24
FOODS_3_714,2016-05-08,26.66448553647325,37,2016-04-24
FOODS_3_808,2016-05-08,9.702371371248177,0,2016-04-24
FOODS_2_197,2016-05-09,21.782212635691838,25,2016-04-24
FOODS_3_080,2016-05-09,16.817146877024985,16,2016-04-24
FOODS_3_090,2016-05-09,53.818012315214325,72,2016-04-24
FOODS_3_120,2016-05-09,38.067413737982534,32,2016-04-24
FOODS_3_252,2016-05-09,36.29406412459249,36,2016-04-24
FOODS_3_555,2016-05-09,17.424622884000208,18,2016-04-24
FOODS_3_586,2016-05-09,35.47657793322357,48,2016-04-24
FOODS_3_587,2016-05-09,24.43362686163985,23,2016-04-24
FOODS_3_714,2016-05-09,17.380130489639175,5,2016-04-24
FOODS_3_808,2016-05-09,9.79094879565082,0,2016-04-24
FOODS_2_197,2016-05-10,22.190272438755226,31,2016-04-24
FOODS_3_080,2016-05-10,16.337351263298583,17,2016-04-24
FOODS_3_090,2016-05-10,47.501622388483696,46,2016-04-24
FOODS_3_120,2016-05-10,27.69130828340325,24,2016-04-24
FOODS_3_252,2016-05-10,32.87217215732747,34,2016-04-24
FOODS_3_555,2016-05-10,16.996178045109676,22,2016-04-24
FOODS_3_586,2016-05-10,33.054541344988884,41,2016-04-24
FOODS_3_587,2016-05-10,18.32695551133892,10,2016-04-24
FOODS_3_714,2016-05-10,16.802805705725948,6,2016-04-24
FOODS_3_808,2016-05-10,10.700990163190067,0,2016-04-24
FOODS_2_197,2016-05-11,16.55873851955559,12,2016-04-24
FOODS_3_080,2016-05-11,15.85487175473422,16,2016-04-24
FOODS_3_090,2016-05-11,44.97139951104103,30,2016-04-24
FOODS_3_120,2016-05-11,29.191837070413953,24,2016-04-24
FOODS_3_252,2016-05-11,31.310423521053163,30,2016-04-24
FOODS_3_555,2016-05-11,15.875946949277274,27,2016-04-24
FOODS_3_586,2016-05-11,30.49886744984356,34,2016-04-24
FOODS_3_587,2016-05-11,17.193072790820263,21,2016-04-24
FOODS_3_714,2016-05-11,15.162441371156628,5,2016-04-24
FOODS_3_808,2016-05-11,10.958327405058249,0,2016-04-24
FOODS_2_197,2016-05-12,15.734304476986438,17,2016-04-24
FOODS_3_080,2016-05-12,14.986896910506562,18,2016-04-24
FOODS_3_090,2016-05-12,46.17489379500631,35,2016-04-24
FOODS_3_120,2016-05-12,34.79152859793067,25,2016-04-24
FOODS_3_252,2016-05-12,31.69725009765494,20,2016-04-24
FOODS_3_555,2016-05-12,16.105343608208873,14,2016-04-24
FOODS_3_586,2016-05-12,32.315769832742355,44,2016-04-24
FOODS_3_587,2016-05-12,16.539926789827412,12,2016-04-24
FOODS_3_714,2016-05-12,16.02253191261759,21,2016-04-24
FOODS_3_808,2016-05-12,10.753560172293842,0,2016-04-24
FOODS_2_197,2016-05-13,16.765401859214045,15,2016-04-24
FOODS_3_080,2016-05-13,17.334429184703023,14,2016-04-24
FOODS_3_090,2016-05-13,63.04530393676429,77,2016-04-24
FOODS_3_120,2016-05-13,43.95858754685476,37,2016-04-24
FOODS_3_252,2016-05-13,38.86319032666,38,2016-04-24
FOODS_3_555,2016-05-13,18.28551221067614,20,2016-04-24
FOODS_3_586,2016-05-13,36.60738567489864,42,2016-04-24
FOODS_3_587,2016-05-13,17.862730103162882,21,2016-04-24
FOODS_3_714,2016-05-13,19.877104252768884,17,2016-04-24
FOODS_3_808,2016-05-13,11.35445238782097,0,2016-04-24
FOODS_2_197,2016-05-14,24.031524025642977,27,2016-04-24
FOODS_3_080,2016-05-14,23.61684635571659,19,2016-04-24
FOODS_3_090,2016-05-14,87.00754785726545,47,2016-04-24
FOODS_3_120,2016-05-14,56.58129135407189,53,2016-04-24
FOODS_3_252,2016-05-14,53.74007030912431,61,2016-04-24
FOODS_3_555,2016-05-14,26.1662488317398,26,2016-04-24
FOODS_3_586,2016-05-14,48.124603717319516,45,2016-04-24
FOODS_3_587,2016-05-14,25.357103545504923,20,2016-04-24
FOODS_3_714,2016-05-14,29.007172947580013,40,2016-04-24
FOODS_3_808,2016-05-14,14.133380685245474,0,2016-04-24
FOODS_2_197,2016-05-15,26.323481030078216,32,2016-04-24
FOODS_3_080,2016-05-15,23.774228209342652,26,2016-04-24
FOODS_3_090,2016-05-15,80.2576068821132,74,2016-04-24
FOODS_3_120,2016-05-15,54.76097845953909,43,2016-04-24
FOODS_3_252,2016-05-15,56.18248883178996,61,2016-04-24
FOODS_3_555,2016-05-15,25.41845481314979,25,2016-04-24
FOODS_3_586,2016-05-15,50.77414986343385,71,2016-04-24
FOODS_3_587,2016-05-15,29.236212895128336,29,2016-04-24
FOODS_3_714,2016-05-15,28.917194916067512,34,2016-04-24
FOODS_3_808,2016-05-15,16.037782732683105,0,2016-04-24
FOODS_2_197,2016-05-16,18.627487287711972,18,2016-04-24
FOODS_3_080,2016-05-16,15.282982458690885,15,2016-04-24
FOODS_3_090,2016-05-16,54.24761922275478,38,2016-04-24
FOODS_3_120,2016-05-16,36.29705922485881,41,2016-04-24
FOODS_3_252,2016-05-16,32.50484230655113,36,2016-04-24
FOODS_3_555,2016-05-16,16.306380045043504,19,2016-04-24
FOODS_3_586,2016-05-16,31.68124696331112,34,2016-04-24
FOODS_3_587,2016-05-16,20.539586070365075,40,2016-04-24
FOODS_3_714,2016-05-16,16.152564538795456,17,2016-04-24
FOODS_3_808,2016-05-16,12.354741678657799,0,2016-04-24
FOODS_2_197,2016-05-17,16.52122549953929,28,2016-04-24
FOODS_3_080,2016-05-17,14.750472634059307,15,2016-04-24
FOODS_3_090,2016-05-17,46.406816764476844,42,2016-04-24
FOODS_3_120,2016-05-17,32.39534185930317,38,2016-04-24
FOODS_3_252,2016-05-17,32.28472831582759,34,2016-04-24
FOODS_3_555,2016-05-17,16.316189192811848,19,2016-04-24
FOODS_3_586,2016-05-17,31.180288530754765,46,2016-04-24
FOODS_3_587,2016-05-17,15.760295402570875,21,2016-04-24
FOODS_3_714,2016-05-17,15.527073301567786,15,2016-04-24
FOODS_3_808,2016-05-17,11.419767851454466,0,2016-04-24
FOODS_2_197,2016-05-18,16.708979721685402,12,2016-04-24
FOODS_3_080,2016-05-18,16.108708118170007,26,2016-04-24
FOODS_3_090,2016-05-18,45.864437016677094,39,2016-04-24
FOODS_3_120,2016-05-18,35.309123311633186,16,2016-04-24
FOODS_3_252,2016-05-18,30.075350312602758,39,2016-04-24
FOODS_3_555,2016-05-18,15.875946949277274,26,2016-04-24
FOODS_3_586,2016-05-18,29.78489612291596,33,2016-04-24
FOODS_3_587,2016-05-18,16.192180723963837,24,2016-04-24
FOODS_3_714,2016-05-18,15.563083025848105,18,2016-04-24
FOODS_3_808,2016-05-18,11.337078608487207,0,2016-04-24
FOODS_2_197,2016-05-19,15.187579196542494,21,2016-04-24
FOODS_3_080,2016-05-19,14.855512687757042,17,2016-04-24
FOODS_3_090,2016-05-19,48.21096468007569,51,2016-04-24
FOODS_3_120,2016-05-19,34.676842083984766,23,2016-04-24
FOODS_3_252,2016-05-19,31.017405805656658,30,2016-04-24
FOODS_3_555,2016-05-19,16.105343608208873,16,2016-04-24
FOODS_3_586,2016-05-19,32.07210732692298,18,2016-04-24
FOODS_3_587,2016-05-19,15.6373295004561,29,2016-04-24
FOODS_3_714,2016-05-19,16.1175810239673,18,2016-04-24
FOODS_3_808,2016-05-19,11.20825266784625,0,2016-04-24
FOODS_2_197,2016-05-20,16.95196650592743,16,2016-04-24
FOODS_3_080,2016-05-20,16.913114743127284,15,2016-04-24
FOODS_3_090,2016-05-20,65.05873667079833,69,2016-04-24
FOODS_3_120,2016-05-20,43.02549890544594,33,2016-04-24
FOODS_3_252,2016-05-20,38.936012032986014,32,2016-04-24
FOODS_3_555,2016-05-20,18.38056132202584,15,2016-04-24
FOODS_3_586,2016-05-20,34.601705298409065,33,2016-04-24
FOODS_3_587,2016-05-20,17.696443141725485,40,2016-04-24
FOODS_3_714,2016-05-20,19.834901894564897,20,2016-04-24
FOODS_3_808,2016-05-20,11.809144883373374,0,2016-04-24
FOODS_2_197,2016-05-21,22.60113279269715,29,2016-04-24
FOODS_3_080,2016-05-21,24.018817867636788,22,2016-04-24
FOODS_3_090,2016-05-21,83.14108534455828,67,2016-04-24
FOODS_3_120,2016-05-21,55.64645932256407,66,2016-04-24
FOODS_3_252,2016-05-21,53.21872448991033,50,2016-04-24
FOODS_3_555,2016-05-21,24.785991321683362,32,2016-04-24
FOODS_3_586,2016-05-21,47.80616955099793,48,2016-04-24
FOODS_3_587,2016-05-21,24.418360766130572,39,2016-04-24
FOODS_3_714,2016-05-21,27.05705152205012,21,2016-04-24
FOODS_3_808,2016-05-21,15.642593033630018,0,2016-04-24
FOODS_2_197,2016-05-22,27.47078620700763,26,2016-04-24
FOODS_3_080,2016-05-22,24.02273110799561,21,2016-04-24
FOODS_3_090,2016-05-22,75.99021836075856,64,2016-04-24
FOODS_3_120,2016-05-22,56.27199577818243,114,2016-04-24
FOODS_3_252,2016-05-22,55.79635237022713,50,2016-04-24
FOODS_3_555,2016-05-22,25.11757203586581,26,2016-04-24
FOODS_3_586,2016-05-22,51.31828907061677,43,2016-04-24
FOODS_3_587,2016-05-22,26.851334243251394,52,2016-04-24
FOODS_3_714,2016-05-22,27.544088438444497,23,2016-04-24
FOODS_3_808,2016-05-22,17.760644628705155,0,2016-04-24
